,drop_column
0,37211
1,37212
2,37217
3,37218
4,37219
5,37220
6,37221
7,71030
8,105256
9,105273
10,105274
11,105275
12,105755
13,138285
14,138298
15,146178
16,149977
17,150002
18,150003
19,150039
20,150045
21,150046
22,159359
23,159367
24,159370
25,159371
26,167767
27,167768
28,167784
29,167825
30,178869
31,185626
32,186451
33,186467
34,187181
35,187190
36,187191
37,187192
38,187193
39,187194
40,214361
41,214389
42,214390
43,215248
44,215249
45,226906
46,226918
47,239322
48,239948
49,253593
50,263893
51,269115
52,269121
53,276542
54,276568
55,276573
56,279412
57,279418
58,279419
59,299056
60,299063
61,304907
62,304908
63,304909
64,313784
65,313785
66,315992
67,329716
68,329724
69,339482
70,339483
71,148352
72,168501
73,168508
74,322382
75,343188
76,343189
77,343193
78,343194
79,343216
80,343228
81,343231
82,343239
83,343256
84,343257
85,343287
86,343295
87,343311
88,343322
89,343323
90,343352
91,343353
92,343432
93,343433
94,343449
95,343455
96,343473
97,343484
98,343503
99,343504
100,343505
101,343507
102,343519
103,343556
104,343557
105,343563
106,343564
107,343577
108,343581
109,343625
110,343634
111,343715
112,343716
113,343726
114,343760
115,343761
116,343769
117,343770
118,343782
119,343821
120,343827
121,343828
122,343846
123,343847
124,343855
125,343856
126,343867
127,343885
128,343900
129,343901
130,343908
131,343909
132,343915
133,343916
134,343917
135,343925
136,343926
137,343934
138,343993
139,344002
140,344041
141,344052
142,344084
143,344085
144,344086
145,344087
146,344088
147,344096
148,344097
149,344103
150,344109
151,344119
152,344120
153,344151
154,344152
155,344180
156,344181
157,344182
158,344188
159,344189
160,344190
161,344197
162,344239
163,344255
164,344256
165,344290
166,344291
167,344311
168,344326
169,344327
170,344337
171,344338
172,344342
173,344354
174,344362
175,344367
176,344368
177,344374
178,344377
179,344378
180,344383
181,344384
182,344399
183,344400
184,344404
185,344405
186,344413
187,344414
188,344427
189,344428
190,344429
191,344430
192,344431
193,344432
194,344433
195,344444
196,344463
197,344464
198,344465
199,344466
200,344476
201,344477
202,344478
203,344479
204,344495
205,344496
206,344498
207,344499
208,344528
209,344529
210,344531
211,344544
212,344545
213,344573
214,344579
215,344580
216,344582
217,344588
218,344589
219,344606
220,344636
221,344637
222,344642
223,344643
224,344655
225,344715
226,344716
227,344717
228,344727
229,344784
230,344790
231,344808
232,344950
233,344951
234,344952
235,344972
236,344990
237,344991
238,345002
239,345003
240,345004
241,345010
242,345027
243,345028
244,345029
245,345049
246,345050
247,345051
248,345103
249,345107
250,345108
251,345112
252,345113
253,345121
254,345122
255,345149
256,345178
257,345197
258,345198
259,345202
260,345203
261,345204
262,345205
263,345207
264,345228
265,345229
266,345238
267,345239
268,345254
269,345262
270,345359
271,345365
272,345387
273,345412
274,345415
275,345416
276,345417
277,345431
278,345432
279,345433
280,345435
281,345447
282,345468
283,345510
284,345511
285,345512
286,345545
287,345546
288,345547
289,345553
290,345561
291,345571
292,345572
293,345573
294,345614
295,345615
296,345619
297,345642
298,345643
299,345731
300,345732
301,345743
302,345744
303,345745
304,345752
305,345753
306,345766
307,345779
308,345780
309,345781
310,345808
311,345809
312,345829
313,345831
314,345832
315,345863
316,345864
317,345925
318,345941
319,345943
320,346001
321,346037
322,346057
323,346058
324,346059
325,346099
326,346114
327,346146
328,346147
329,346165
330,346186
331,346187
332,346226
333,346268
334,346274
335,346295
336,346308
337,346315
338,346348
339,346363
340,346403
341,346447
342,346456
343,346473
344,346475
345,346514
346,346523
347,346536
348,346537
349,346538
350,346545
351,346568
352,346586
353,346587
354,346630
355,346636
356,346637
357,346644
358,346645
359,346646
360,346647
361,346683
362,346796
363,346815
364,346816
365,346863
366,346870
367,346872
368,346873
369,346876
370,346889
371,346890
372,346891
373,346905
374,346906
375,346907
376,346909
377,346920
378,346921
379,346922
380,346970
381,347004
382,347006
383,347020
384,347021
385,347037
386,347038
387,347076
388,347088
389,347114
390,347132
391,347186
392,347187
393,347191
394,347192
395,347193
396,347199
397,347200
398,347217
399,347218
400,347219
401,347263
402,347269
403,347300
404,347301
405,347302
406,347303
407,347309
408,347310
409,347311
410,347313
411,347314
412,347333
413,347344
414,347345
415,347429
416,347430
417,347455
418,347488
419,347489
420,347500
421,347501
422,347519
423,347520
424,347521
425,347522
426,347523
427,347524
428,347531
429,347532
430,347533
431,347534
432,347535
433,347536
434,347537
435,347538
436,347539
437,347550
438,347608
439,347612
440,347633
441,347731
442,347742
443,347748
444,347756
445,347771
446,347776
447,347788
448,347789
449,347790
450,347791
451,347792
452,347793
453,347794
454,347802
455,347818
456,347819
457,347820
458,347833
459,347834
460,347836
461,347845
462,347853
463,347854
464,347867
465,347868
466,347877
467,347893
468,347894
469,347895
470,347898
471,347915
472,347919
473,347920
474,347921
475,347926
476,347927
477,347928
478,347930
479,347945
480,347946
481,347955
482,347956
483,347957
484,347980
485,347981
486,347984
487,347988
488,348008
489,348009
490,348029
491,348070
492,348071
493,348075
494,348096
495,348097
496,348103
497,348109
498,348110
499,348118
500,348212
501,348213
502,348214
503,348246
504,348247
505,348248
506,348261
507,348262
508,348263
509,348295
510,348296
511,348395
512,348396
513,348397
514,348402
515,348403
516,348415
517,348416
518,348449
519,348450
520,348468
521,348469
522,348501
523,348502
524,348539
525,348540
526,348541
527,348569
528,348627
529,348628
530,348632
531,348634
532,348638
533,348704
534,348705
535,348716
536,348758
537,348759
538,348765
539,348772
540,348791
541,348792
542,348800
543,348813
544,348814
545,348859
546,348895
547,348896
548,348906
549,348912
550,348924
551,348925
552,348943
553,348944
554,348945
555,348953
556,348954
557,348960
558,348968
559,348969
560,348997
561,348998
562,349006
563,349032
564,349056
565,349095
566,349096
567,349097
568,349100
569,349101
570,349114
571,349139
572,349157
573,349158
574,349160
575,349168
576,349186
577,349187
578,349225
579,349255
580,349305
581,349315
582,349316
583,349341
584,349342
585,349388
586,349389
587,349390
588,349391
589,349452
590,349453
591,349471
592,349483
593,349484
594,349534
595,349557
596,349558
597,349563
598,349600
599,349613
600,349614
601,349628
602,349629
603,349630
604,349656
605,349657
606,349666
607,349675
608,349676
609,349677
610,349711
611,349830
612,349832
613,349903
614,349928
615,350016
616,350018
617,350019
618,350020
619,350022
620,350023
621,350048
622,350071
623,350139
624,350140
625,350141
626,350154
627,350190
628,350200
629,350201
630,350235
631,350247
632,350268
633,350269
634,350270
635,350274
636,350278
637,350279
638,350295
639,350327
640,350511
641,350577
642,350604
643,350656
644,350657
645,350660
646,350694
647,350726
648,350727
649,350780
650,350781
651,350782
652,350790
653,350828
654,350869
655,350885
656,350886
657,350932
658,350986
659,350987
660,351009
661,351010
662,351011
663,351034
664,351035
665,351036
666,351054
667,351055
668,351056
669,351060
670,351061
671,351074
672,351086
673,351087
674,351088
675,351102
676,351105
677,351170
678,351171
679,351172
680,351179
681,351187
682,351275
683,351299
684,351300
685,351301
686,351302
687,351303
688,351304
689,351305
690,351306
691,351307
692,351319
693,351366
694,351382
695,351383
696,351434
697,351435
698,351436
699,351437
700,351438
701,351494
702,351561
703,351562
704,351563
705,351564
706,351565
707,351566
708,351567
709,351568
710,351569
711,351593
712,351594
713,351635
714,351660
715,351692
716,351693
717,351767
718,351772
719,351773
720,351854
721,351855
722,351856
723,351924
724,351925
725,351926
726,351928
727,351967
728,351968
729,352011
730,352012
731,352053
732,352061
733,352062
734,352084
735,352102
736,352104
737,352105
738,352106
739,352107
740,352114
741,352115
742,352116
743,352122
744,352141
745,352148
746,352149
747,352150
748,352151
749,352152
750,352153
751,352175
752,352180
753,352182
754,352221
755,352236
756,352264
757,352266
758,352267
759,352268
760,352271
761,352272
762,352278
763,352289
764,352319
765,352377
766,352378
767,352379
768,352400
769,352509
770,352531
771,352568
772,352569
773,352570
774,352584
775,352586
776,352592
777,352602
778,352634
779,352635
780,352636
781,352661
782,352690
783,352692
784,352693
785,352717
786,352720
787,352721
788,352722
789,352760
790,352783
791,352785
792,352798
793,352852
794,352886
795,352887
796,352888
797,352889
798,352964
799,352966
800,352967
801,352988
802,352997
803,352998
804,352999
805,353044
806,353045
807,353062
808,353063
809,353064
810,353108
811,353109
812,353110
813,353111
814,353115
815,353124
816,353125
817,353126
818,353142
819,353143
820,353177
821,353178
822,353179
823,353180
824,353191
825,353192
826,353193
827,353217
828,353226
829,353227
830,353228
831,353229
832,353230
833,353243
834,353244
835,353342
836,353377
837,353378
838,353401
839,353406
840,353455
841,353456
842,353476
843,353493
844,353500
845,353522
846,353523
847,353524
848,353605
849,353637
850,353667
851,353678
852,353679
853,353681
854,353682
855,353683
856,353753
857,353754
858,353755
859,353771
860,353814
861,353824
862,353825
863,353835
864,353845
865,353863
866,353864
867,353865
868,353929
869,353930
870,353985
871,353986
872,354033
873,354119
874,354120
875,354147
876,354179
877,354181
878,354183
879,354190
880,354191
881,354192
882,354193
883,354197
884,354199
885,354200
886,354201
887,354231
888,354254
889,354261
890,354297
891,354298
892,354299
893,354305
894,354321
895,354322
896,354323
897,354324
898,354358
899,354378
900,354406
901,354407
902,354437
903,354448
904,354449
905,354498
906,354508
907,354530
908,354544
909,354550
910,354551
911,354552
912,354574
913,354575
914,354585
915,354586
916,354598
917,354630
918,354641
919,354642
920,354651
921,354652
922,354654
923,354701
924,354702
925,354777
926,354782
927,354783
928,354784
929,354825
930,354826
931,354838
932,354852
933,354861
934,354893
935,354901
936,354902
937,354903
938,354904
939,354905
940,354906
941,354924
942,354925
943,354935
944,354936
945,354937
946,354944
947,354945
948,354946
949,355002
950,355003
951,355004
952,355007
953,355008
954,355016
955,355047
956,355048
957,355049
958,355060
959,355061
960,355067
961,355068
962,355086
963,355087
964,355115
965,355117
966,355118
967,355131
968,355132
969,355133
970,355156
971,355168
972,355191
973,355225
974,355258
975,355265
976,355266
977,355313
978,355314
979,355322
980,355339
981,355348
982,355349
983,355365
984,355366
985,355369
986,355378
987,355386
988,355388
989,355409
990,355410
991,355427
992,355428
993,355440
994,355477
995,355543
996,355544
997,355579
998,355580
999,355592
1000,355618
1001,355622
1002,355625
1003,355626
1004,355629
1005,355630
1006,355632
1007,355659
1008,355660
1009,355662
1010,355663
1011,355664
1012,355665
1013,355666
1014,355667
1015,355668
1016,355669
1017,355670
1018,355679
1019,355696
1020,355697
1021,355703
1022,355711
1023,355721
1024,355734
1025,355750
1026,355751
1027,355762
1028,355784
1029,355791
1030,355792
1031,355835
1032,355850
1033,355929
1034,355931
1035,355932
1036,355944
1037,355945
1038,355954
1039,355955
1040,355956
1041,355964
1042,355965
1043,355966
1044,355998
1045,355999
1046,356000
1047,356033
1048,356087
1049,356117
1050,356118
1051,356119
1052,356125
1053,356141
1054,356142
1055,356154
1056,356155
1057,356156
1058,356157
1059,356189
1060,356191
1061,356195
1062,356230
1063,356231
1064,356280
1065,356281
1066,356328
1067,356347
1068,356355
1069,356359
1070,356360
1071,356361
1072,356365
1073,356372
1074,356380
1075,356381
1076,356395
1077,356403
1078,356437
1079,356447
1080,356449
1081,356450
1082,356451
1083,356452
1084,356453
1085,356454
1086,356567
1087,356568
1088,356588
1089,356628
1090,356638
1091,356639
1092,356640
1093,356645
1094,356683
1095,356702
1096,356704
1097,356739
1098,356759
1099,356783
1100,356786
1101,356809
1102,356810
1103,356820
1104,356824
1105,356835
1106,356854
1107,356855
1108,356885
1109,356903
1110,356904
1111,356905
1112,356958
1113,356969
1114,356970
1115,357029
1116,357030
1117,357042
1118,357043
1119,357044
1120,357089
1121,357090
1122,357103
1123,357104
1124,357109
1125,357110
1126,357111
1127,357123
1128,357124
1129,357125
1130,357128
1131,357139
1132,357143
1133,357145
1134,357153
1135,357154
1136,357158
1137,357165
1138,357174
1139,357278
1140,357279
1141,357290
1142,357324
1143,357345
1144,357351
1145,357482
1146,357483
1147,357484
1148,357485
1149,357491
1150,357492
1151,357606
1152,357613
1153,357614
1154,357623
1155,357639
1156,357647
1157,357667
1158,357699
1159,357777
1160,357778
1161,357803
1162,357806
1163,357811
1164,357812
1165,357823
1166,357863
1167,357872
1168,357880
1169,357881
1170,357882
1171,357885
1172,357902
1173,357903
1174,357904
1175,357906
1176,357908
1177,357921
1178,357949
1179,357961
1180,357962
1181,357963
1182,357970
1183,357971
1184,358031
1185,358038
1186,358058
1187,358059
1188,358120
1189,358121
1190,358127
1191,358133
1192,358134
1193,358135
1194,358137
1195,358153
1196,358168
1197,358169
1198,358216
1199,358263
1200,358290
1201,358291
1202,358292
1203,358304
1204,358331
1205,358346
1206,358399
1207,358400
1208,358425
1209,358426
1210,358428
1211,358471
1212,358472
1213,358496
1214,358538
1215,358539
1216,358654
1217,358672
1218,358700
1219,358701
1220,358714
1221,358719
1222,358742
1223,358753
1224,358754
1225,358763
1226,358789
1227,358834
1228,358862
1229,358863
1230,358889
1231,358906
1232,358907
1233,358908
1234,358936
1235,358957
1236,358958
1237,358978
1238,359006
1239,359007
1240,359008
1241,359009
1242,359010
1243,359011
1244,359013
1245,359032
1246,359033
1247,359034
1248,359035
1249,359036
1250,359055
1251,359108
1252,359109
1253,359117
1254,359118
1255,359132
1256,359171
1257,359233
1258,359234
1259,359277
1260,359278
1261,359282
1262,359283
1263,359284
1264,359285
1265,359286
1266,359287
1267,359288
1268,359289
1269,359290
1270,359300
1271,359307
1272,359317
1273,359318
1274,359395
1275,359408
1276,359489
1277,359490
1278,359529
1279,359530
1280,359566
1281,359577
1282,359590
1283,359635
1284,359636
1285,359637
1286,359652
1287,359676
1288,359697
1289,359727
1290,359774
1291,359775
1292,359806
1293,359807
1294,359809
1295,359814
1296,359815
1297,359816
1298,359817
1299,359876
1300,359879
1301,359882
1302,359919
1303,359940
1304,359966
1305,359982
1306,359983
1307,359984
1308,359986
1309,359987
1310,360005
1311,360024
1312,360025
1313,360026
1314,360027
1315,360040
1316,360054
1317,360055
1318,360075
1319,360076
1320,360077
1321,360083
1322,360092
1323,360093
1324,360108
1325,360109
1326,360110
1327,360129
1328,360130
1329,360166
1330,360167
1331,360170
1332,360187
1333,360204
1334,360205
1335,360206
1336,360207
1337,360212
1338,360213
1339,360228
1340,360244
1341,360245
1342,360246
1343,360260
1344,360268
1345,360269
1346,360319
1347,360320
1348,360339
1349,360444
1350,360445
1351,360469
1352,360474
1353,360475
1354,360476
1355,360477
1356,360528
1357,360529
1358,360535
1359,360570
1360,360594
1361,360660
1362,360661
1363,360662
1364,360663
1365,360670
1366,360671
1367,360672
1368,360696
1369,360711
1370,360736
1371,360737
1372,360738
1373,360826
1374,360841
1375,360842
1376,360855
1377,360912
1378,360940
1379,360946
1380,360953
1381,360954
1382,360985
1383,360986
1384,360987
1385,361013
1386,361014
1387,361015
1388,361016
1389,361017
1390,361029
1391,361050
1392,361095
1393,361113
1394,361116
1395,361173
1396,361174
1397,361187
1398,361203
1399,361269
1400,361278
1401,361315
1402,361338
1403,361339
1404,361360
1405,361361
1406,361385
1407,361396
1408,361406
1409,361407
1410,361408
1411,361437
1412,361468
1413,361481
1414,361482
1415,361483
1416,361527
1417,361528
1418,361529
1419,361541
1420,361568
1421,361594
1422,361595
1423,361596
1424,361606
1425,361623
1426,361624
1427,361639
1428,361640
1429,361659
1430,361671
1431,361704
1432,361705
1433,361729
1434,361756
1435,361760
1436,361796
1437,361797
1438,361798
1439,361799
1440,361848
1441,361855
1442,361869
1443,361880
1444,361900
1445,361902
1446,361903
1447,361904
1448,361917
1449,361918
1450,361943
1451,361944
1452,361953
1453,361960
1454,361961
1455,361962
1456,361963
1457,361964
1458,361978
1459,361981
1460,361984
1461,362022
1462,362023
1463,362071
1464,362083
1465,362087
1466,362088
1467,362120
1468,362121
1469,362129
1470,362136
1471,362208
1472,362209
1473,362271
1474,362317
1475,362320
1476,362363
1477,362371
1478,362372
1479,362373
1480,362405
1481,362434
1482,362435
1483,362441
1484,362493
1485,362494
1486,362527
1487,362528
1488,362536
1489,362537
1490,362544
1491,362591
1492,362593
1493,362594
1494,362595
1495,362596
1496,362597
1497,362598
1498,362599
1499,362600
1500,362601
1501,362608
1502,362609
1503,362610
1504,362611
1505,362612
1506,362616
1507,362637
1508,362638
1509,362639
1510,362685
1511,362686
1512,362693
1513,362698
1514,362699
1515,362718
1516,362721
1517,362726
1518,362738
1519,362747
1520,362748
1521,362749
1522,362756
1523,362757
1524,362779
1525,362796
1526,362812
1527,362929
1528,362932
1529,362933
1530,362947
1531,362949
1532,362950
1533,362961
1534,363001
1535,363002
1536,363045
1537,363046
1538,363094
1539,363097
1540,363109
1541,363118
1542,363119
1543,363126
1544,363127
1545,363133
1546,363138
1547,363139
1548,363140
1549,363141
1550,363142
1551,363143
1552,363144
1553,363146
1554,363147
1555,363148
1556,363152
1557,363153
1558,363180
1559,363200
1560,363201
1561,363204
1562,363205
1563,363213
1564,363214
1565,363216
1566,363235
1567,363236
1568,363237
1569,363238
1570,363271
1571,363357
1572,363398
1573,363399
1574,363400
1575,363401
1576,363414
1577,363417
1578,363418
1579,363450
1580,363451
1581,363455
1582,363483
1583,363491
1584,363527
1585,363528
1586,363529
1587,363554
1588,363556
1589,363563
1590,363564
1591,363565
1592,363576
1593,363577
1594,363594
1595,363609
1596,363645
1597,363666
1598,363686
1599,363702
1600,363703
1601,363705
1602,363706
1603,363707
1604,363708
1605,363709
1606,363710
1607,363711
1608,363712
1609,363727
1610,363729
1611,363753
1612,363767
1613,363846
1614,363878
1615,363879
1616,363906
1617,363907
1618,363908
1619,363933
1620,363934
1621,363954
1622,363973
1623,364006
1624,364012
1625,364032
1626,364033
1627,364070
1628,364071
1629,364142
1630,364143
1631,364144
1632,364146
1633,364219
1634,364229
1635,364230
1636,364236
1637,364237
1638,364291
1639,364293
1640,364294
1641,364295
1642,364313
1643,364370
1644,364371
1645,364372
1646,364376
1647,364382
1648,364383
1649,364394
1650,364515
1651,364525
1652,364526
1653,364580
1654,364581
1655,364582
1656,364583
1657,364584
1658,364585
1659,364587
1660,364601
1661,364602
1662,364603
1663,364630
1664,364631
1665,364664
1666,364665
1667,364709
1668,364780
1669,364808
1670,364821
1671,364884
1672,364926
1673,364927
1674,364955
1675,364956
1676,364960
1677,364962
1678,364963
1679,364964
1680,364979
1681,365006
1682,365030
1683,365087
1684,365132
1685,365138
1686,365149
1687,365150
1688,365151
1689,365166
1690,365181
1691,365186
1692,365200
1693,365201
1694,365230
1695,365231
1696,365271
1697,365296
1698,365323
1699,365325
1700,365329
1701,365366
1702,365372
1703,365416
1704,365420
1705,365425
1706,365426
1707,365475
1708,365510
1709,365511
1710,365512
1711,365513
1712,365548
1713,365549
1714,365550
1715,365551
1716,365574
1717,365575
1718,365605
1719,365638
1720,365680
1721,365686
1722,365687
1723,365742
1724,365753
1725,365754
1726,365755
1727,365756
1728,365785
1729,365802
1730,365803
1731,365833
1732,365834
1733,365873
1734,365887
1735,365904
1736,365905
1737,365963
1738,365964
1739,365965
1740,365966
1741,365967
1742,366058
1743,366059
1744,366088
1745,366113
1746,366114
1747,366122
1748,366142
1749,366173
1750,366174
1751,366180
1752,366205
1753,366222
1754,366223
1755,366234
1756,366262
1757,366263
1758,366264
1759,366276
1760,366277
1761,366308
1762,366309
1763,366325
1764,366359
1765,366360
1766,366366
1767,366367
1768,366422
1769,366423
1770,366474
1771,366487
1772,366488
1773,366539
1774,366565
1775,366569
1776,366575
1777,366576
1778,366579
1779,366581
1780,366582
1781,366613
1782,366614
1783,366629
1784,366630
1785,366653
1786,366654
1787,366691
1788,366694
1789,366695
1790,366712
1791,366714
1792,366772
1793,366794
1794,366802
1795,366813
1796,366814
1797,366827
1798,366834
1799,366835
1800,366870
1801,366996
1802,366997
1803,367055
1804,367072
1805,367094
1806,367098
1807,367099
1808,367129
1809,367130
1810,367136
1811,367137
1812,367138
1813,367174
1814,367175
1815,367214
1816,367219
1817,367220
1818,367223
1819,367256
1820,367257
1821,367258
1822,367298
1823,367312
1824,367362
1825,367363
1826,367382
1827,367383
1828,367392
1829,367468
1830,367476
1831,367495
1832,367496
1833,367506
1834,367507
1835,367513
1836,367514
1837,367515
1838,367516
1839,367517
1840,367518
1841,367530
1842,367531
1843,367607
1844,367608
1845,367610
1846,367611
1847,367624
1848,367625
1849,367641
1850,367668
1851,367686
1852,367705
1853,367759
1854,367838
1855,367839
1856,367850
1857,367967
1858,367969
1859,367970
1860,367972
1861,367984
1862,367995
1863,368018
1864,368019
1865,368042
1866,368043
1867,368044
1868,368053
1869,368054
1870,368060
1871,368061
1872,368129
1873,368130
1874,368131
1875,368157
1876,368158
1877,368159
1878,368206
1879,368255
1880,368277
1881,368279
1882,368280
1883,368281
1884,368282
1885,368283
1886,368284
1887,368285
1888,368307
1889,368312
1890,368325
1891,368348
1892,368349
1893,368357
1894,368358
1895,368359
1896,368365
1897,368408
1898,368424
1899,368472
1900,368473
1901,368475
1902,368476
1903,368477
1904,368504
1905,368529
1906,368530
1907,368531
1908,368532
1909,368538
1910,368539
1911,368572
1912,368573
1913,368574
1914,368604
1915,368610
1916,368611
1917,368612
1918,368613
1919,368615
1920,368631
1921,368639
1922,368662
1923,368663
1924,368691
1925,368692
1926,368693
1927,368694
1928,368695
1929,368696
1930,368722
1931,368723
1932,368741
1933,368742
1934,368767
1935,368785
1936,368801
1937,368846
1938,368872
1939,368873
1940,368960
1941,368970
1942,368990
1943,368991
1944,368992
1945,368993
1946,368994
1947,368995
1948,368996
1949,368997
1950,368998
1951,369018
1952,369019
1953,369020
1954,369036
1955,369037
1956,369096
1957,369099
1958,369102
1959,369103
1960,369104
1961,369109
1962,369110
1963,369111
1964,369160
1965,369182
1966,369183
1967,369184
1968,369192
1969,369225
1970,369250
1971,369256
1972,369277
1973,369284
1974,369294
1975,369312
1976,369328
1977,369335
1978,369370
1979,369415
1980,369421
1981,369422
1982,369424
1983,369440
1984,369441
1985,369442
1986,369445
1987,369449
1988,369450
1989,369464
1990,369491
1991,369492
1992,369529
1993,369542
1994,369554
1995,369556
1996,369557
1997,369558
1998,369559
1999,369560
2000,369573
2001,369574
2002,369613
2003,369614
2004,369615
2005,369616
2006,369618
2007,369670
2008,369672
2009,369673
2010,369682
2011,369689
2012,369754
2013,369775
2014,369776
2015,369777
2016,369789
2017,369808
2018,369840
2019,369841
2020,369842
2021,369898
2022,369914
2023,369915
2024,369916
2025,369948
2026,370001
2027,370008
2028,370091
2029,370100
2030,370118
2031,370155
2032,370158
2033,370161
2034,370162
2035,370163
2036,370174
2037,370201
2038,370204
2039,370215
2040,370216
2041,370234
2042,370240
2043,370281
2044,370282
2045,370293
2046,370302
2047,370303
2048,370304
2049,370305
2050,370357
2051,370358
2052,370370
2053,370401
2054,370426
2055,370427
2056,370428
2057,370473
2058,370483
2059,370484
2060,370510
2061,370531
2062,370532
2063,370543
2064,370544
2065,370564
2066,370570
2067,370571
2068,370576
2069,370603
2070,370679
2071,370683
2072,370705
2073,370739
2074,370748
2075,370753
2076,370754
2077,370762
2078,370763
2079,370796
2080,370824
2081,370825
2082,370871
2083,370872
2084,370892
2085,370908
2086,370909
2087,370910
2088,370911
2089,370936
2090,370937
2091,370962
2092,371030
2093,371031
2094,371032
2095,371039
2096,371040
2097,371064
2098,371118
2099,371124
2100,371125
2101,371126
2102,371139
2103,371140
2104,371149
2105,371150
2106,371218
2107,371219
2108,371220
2109,371221
2110,371241
2111,371243
2112,371245
2113,371246
2114,371262
2115,371268
2116,371269
2117,371313
2118,371331
2119,371339
2120,371343
2121,371367
2122,371368
2123,371392
2124,371417
2125,371420
2126,371481
2127,371550
2128,371551
2129,371582
2130,371583
2131,371584
2132,371588
2133,371610
2134,371611
2135,371642
2136,371643
2137,371646
2138,371658
2139,371659
2140,371663
2141,371664
2142,371694
2143,371695
2144,371731
2145,371749
2146,371750
2147,371751
2148,371752
2149,371762
2150,371779
2151,371789
2152,371803
2153,371841
2154,371920
2155,371921
2156,371922
2157,371961
2158,372020
2159,372027
2160,372028
2161,372096
2162,372097
2163,372126
2164,372181
2165,372182
2166,372183
2167,372188
2168,372202
2169,372246
2170,372259
2171,372267
2172,372268
2173,372270
2174,372271
2175,372272
2176,372273
2177,372319
2178,372320
2179,372321
2180,372334
2181,372335
2182,372338
2183,372394
2184,372395
2185,372405
2186,372407
2187,372427
2188,372428
2189,372435
2190,372436
2191,372437
2192,372541
2193,372582
2194,372583
2195,372601
2196,372602
2197,372603
2198,372604
2199,372617
2200,372618
2201,372642
2202,372647
2203,372650
2204,372659
2205,372691
2206,372692
2207,372693
2208,372724
2209,372730
2210,372731
2211,372732
2212,372752
2213,372786
2214,372821
2215,372822
2216,372838
2217,372848
2218,372849
2219,372872
2220,372873
2221,372885
2222,372917
2223,372973
2224,373002
2225,373004
2226,373006
2227,373007
2228,373063
2229,373138
2230,373145
2231,373176
2232,373194
2233,373195
2234,373216
2235,373217
2236,373218
2237,373276
2238,373277
2239,373292
2240,373306
2241,373307
2242,373346
2243,373364
2244,373365
2245,373366
2246,373452
2247,373466
2248,373470
2249,373479
2250,373483
2251,373484
2252,373485
2253,373515
2254,373516
2255,373517
2256,373526
2257,373543
2258,373558
2259,373559
2260,373581
2261,373626
2262,373651
2263,373652
2264,373750
2265,373751
2266,373764
2267,373774
2268,373776
2269,373821
2270,373860
2271,373861
2272,373878
2273,373896
2274,373903
2275,373904
2276,373905
2277,373906
2278,373954
2279,373989
2280,373990
2281,374048
2282,374057
2283,374074
2284,374084
2285,374085
2286,374184
2287,374185
2288,374195
2289,374224
2290,374230
2291,374258
2292,374259
2293,374292
2294,374407
2295,374424
2296,374439
2297,374480
2298,374513
2299,374578
2300,374606
2301,374634
2302,374694
2303,374766
2304,374773
2305,374818
2306,374848
2307,374849
2308,374857
2309,374858
2310,374859
2311,374860
2312,374880
2313,374881
2314,374883
2315,374884
2316,374885
2317,374934
2318,374935
2319,374936
2320,374937
2321,374938
2322,374954
2323,374959
2324,374960
2325,374961
2326,374962
2327,374972
2328,374978
2329,374979
2330,374981
2331,374982
2332,374999
2333,375000
2334,375009
2335,375010
2336,375011
2337,375012
2338,375032
2339,375033
2340,375169
2341,375187
2342,375211
2343,375212
2344,375250
2345,375258
2346,375259
2347,375275
2348,375276
2349,375277
2350,375295
2351,375328
2352,375329
2353,375330
2354,375349
2355,375352
2356,375353
2357,375377
2358,375378
2359,375389
2360,375395
2361,375396
2362,375431
2363,375432
2364,375452
2365,375453
2366,375454
2367,375565
2368,375566
2369,375567
2370,375590
2371,375604
2372,375605
2373,375637
2374,375638
2375,375666
2376,375674
2377,375675
2378,375683
2379,375712
2380,375770
2381,375810
2382,375821
2383,375822
2384,375848
2385,375857
2386,375858
2387,375859
2388,375867
2389,375868
2390,375869
2391,375870
2392,375871
2393,375873
2394,375892
2395,375893
2396,375894
2397,375896
2398,375901
2399,375902
2400,375914
2401,375917
2402,375918
2403,375922
2404,375945
2405,375946
2406,375966
2407,375967
2408,375968
2409,375969
2410,375979
2411,375986
2412,375987
2413,375988
2414,375989
2415,376006
2416,376007
2417,376059
2418,376107
2419,376119
2420,376129
2421,376170
2422,376175
2423,376176
2424,376178
2425,376179
2426,376185
2427,376210
2428,376211
2429,376234
2430,376242
2431,376243
2432,376244
2433,376245
2434,376246
2435,376247
2436,376279
2437,376306
2438,376315
2439,376334
2440,376423
2441,376441
2442,376452
2443,376453
2444,376454
2445,376502
2446,376513
2447,376517
2448,376531
2449,376537
2450,376541
2451,376611
2452,376630
2453,376631
2454,376632
2455,376664
2456,376688
2457,376689
2458,376708
2459,376709
2460,376710
2461,376711
2462,376740
2463,376741
2464,376760
2465,376769
2466,376778
2467,376779
2468,376822
2469,376823
2470,376868
2471,376882
2472,376895
2473,376916
2474,376922
2475,376923
2476,376961
2477,377081
2478,377082
2479,377083
2480,377129
2481,377130
2482,377131
2483,377132
2484,377133
2485,377134
2486,377135
2487,377206
2488,377209
2489,377210
2490,377211
2491,377235
2492,377243
2493,377244
2494,377245
2495,377246
2496,377251
2497,377269
2498,377270
2499,377271
2500,377285
2501,377286
2502,377287
2503,377292
2504,377302
2505,377303
2506,377316
2507,377337
2508,377356
2509,377357
2510,377358
2511,377359
2512,377360
2513,377364
2514,377391
2515,377392
2516,377422
2517,377431
2518,377432
2519,377433
2520,377435
2521,377438
2522,377472
2523,377480
2524,377481
2525,377483
2526,377500
2527,377501
2528,377502
2529,377509
2530,377510
2531,377511
2532,377529
2533,377543
2534,377662
2535,377663
2536,377677
2537,377692
2538,377693
2539,377717
2540,377718
2541,377719
2542,377721
2543,377739
2544,377740
2545,377760
2546,377764
2547,377765
2548,377766
2549,377777
2550,377790
2551,377793
2552,377794
2553,377805
2554,377864
2555,377865
2556,377871
2557,377884
2558,377906
2559,377907
2560,377942
2561,377959
2562,378019
2563,378020
2564,378021
2565,378080
2566,378081
2567,378082
2568,378083
2569,378111
2570,378112
2571,378174
2572,378175
2573,378176
2574,378177
2575,378201
2576,378211
2577,378212
2578,378245
2579,378264
2580,378265
2581,378352
2582,378392
2583,378411
2584,378419
2585,378421
2586,378481
2587,378482
2588,378483
2589,378487
2590,378514
2591,378515
2592,378516
2593,378696
2594,378730
2595,378731
2596,378771
2597,378772
2598,378802
2599,378836
2600,378840
2601,378859
2602,378860
2603,378861
2604,378877
2605,378878
2606,378942
2607,378971
2608,378976
2609,378977
2610,379132
2611,379133
2612,379134
2613,379163
2614,379164
2615,379165
2616,379166
2617,379167
2618,379174
2619,379175
2620,379185
2621,379186
2622,379205
2623,379207
2624,379208
2625,379209
2626,379231
2627,379252
2628,379258
2629,379259
2630,379260
2631,379277
2632,379278
2633,379288
2634,379289
2635,379290
2636,379291
2637,379292
2638,379299
2639,379308
2640,379309
2641,379325
2642,379326
2643,379328
2644,379329
2645,379373
2646,379395
2647,379408
2648,379409
2649,379410
2650,379411
2651,379427
2652,379530
2653,379531
2654,379569
2655,379570
2656,379590
2657,379628
2658,379638
2659,379664
2660,379670
2661,379671
2662,379672
2663,379673
2664,379674
2665,379681
2666,379721
2667,379722
2668,379742
2669,379746
2670,379752
2671,379754
2672,379755
2673,379756
2674,379780
2675,379781
2676,379806
2677,379807
2678,379828
2679,379829
2680,379830
2681,379831
2682,379843
2683,379874
2684,379875
2685,379876
2686,379904
2687,379905
2688,379915
2689,379916
2690,379917
2691,379939
2692,379967
2693,379975
2694,379981
2695,380005
2696,380091
2697,380092
2698,380118
2699,380151
2700,380206
2701,380207
2702,380208
2703,380234
2704,380235
2705,380270
2706,380271
2707,380285
2708,380286
2709,380287
2710,380290
2711,380313
2712,380314
2713,380347
2714,380348
2715,380351
2716,380359
2717,380360
2718,380361
2719,380362
2720,380380
2721,380388
2722,380392
2723,380393
2724,380394
2725,380395
2726,380421
2727,380422
2728,380428
2729,380450
2730,380451
2731,380454
2732,380474
2733,380487
2734,380488
2735,380527
2736,380528
2737,380529
2738,380530
2739,380589
2740,380626
2741,380681
2742,380692
2743,380693
2744,380695
2745,380738
2746,380739
2747,380779
2748,380832
2749,380833
2750,380834
2751,380861
2752,380862
2753,380869
2754,380905
2755,380908
2756,380909
2757,380910
2758,380911
2759,380927
2760,380928
2761,380929
2762,380953
2763,380964
2764,380965
2765,380997
2766,381014
2767,381029
2768,381062
2769,381063
2770,381070
2771,381091
2772,381120
2773,381161
2774,381172
2775,381230
2776,381231
2777,381264
2778,381267
2779,381335
2780,381354
2781,381355
2782,381373
2783,381390
2784,381513
2785,381514
2786,381577
2787,381578
2788,381579
2789,381580
2790,381637
2791,381638
2792,381639
2793,381646
2794,381647
2795,381680
2796,381681
2797,381815
2798,381832
2799,381847
2800,381848
2801,381883
2802,381925
2803,381986
2804,382022
2805,382029
2806,382103
2807,382123
2808,382124
2809,382209
2810,382210
2811,382235
2812,382265
2813,382266
2814,382273
2815,382286
2816,382309
2817,382343
2818,382344
2819,382370
2820,382373
2821,382399
2822,382404
2823,382405
2824,382406
2825,382448
2826,382537
2827,382538
2828,382602
2829,382620
2830,382632
2831,382641
2832,382649
2833,382651
2834,382658
2835,382674
2836,382685
2837,382688
2838,382691
2839,382692
2840,382693
2841,382736
2842,382748
2843,382765
2844,382825
2845,382826
2846,382872
2847,382888
2848,382906
2849,382932
2850,382950
2851,382951
2852,382952
2853,382962
2854,382990
2855,382991
2856,382992
2857,383016
2858,383017
2859,383043
2860,383072
2861,383105
2862,383106
2863,383117
2864,383141
2865,383159
2866,383160
2867,383161
2868,383181
2869,383275
2870,383282
2871,383353
2872,383354
2873,383355
2874,383357
2875,383358
2876,383359
2877,383360
2878,383372
2879,383373
2880,383374
2881,383404
2882,383405
2883,383440
2884,383442
2885,383458
2886,383463
2887,383491
2888,383492
2889,383499
2890,383517
2891,383519
2892,383545
2893,383546
2894,383547
2895,383578
2896,383587
2897,383588
2898,383589
2899,383613
2900,383621
2901,383622
2902,383639
2903,383641
2904,383642
2905,383643
2906,383673
2907,383674
2908,383675
2909,383705
2910,383706
2911,383714
2912,383723
2913,383724
2914,383745
2915,383752
2916,383763
2917,383764
2918,383777
2919,383789
2920,383830
2921,383831
2922,383846
2923,383847
2924,383858
2925,383932
2926,383933
2927,383960
2928,383961
2929,384006
2930,384007
2931,384008
2932,384009
2933,384010
2934,384011
2935,384012
2936,384013
2937,384014
2938,384031
2939,384051
2940,384086
2941,384103
2942,384104
2943,384117
2944,384118
2945,384146
2946,384181
2947,384182
2948,384237
2949,384238
2950,384239
2951,384265
2952,384266
2953,384267
2954,384274
2955,384275
2956,384276
2957,384277
2958,384317
2959,384331
2960,384374
2961,384444
2962,384456
2963,384457
2964,384504
2965,384539
2966,384540
2967,384558
2968,384579
2969,384580
2970,384658
2971,384659
2972,384669
2973,384681
2974,384682
2975,384683
2976,384718
2977,384719
2978,384720
2979,384731
2980,384732
2981,384733
2982,384749
2983,384750
2984,384756
2985,384771
2986,384772
2987,384780
2988,384781
2989,384801
2990,384895
2991,384902
2992,384903
2993,384904
2994,384923
2995,384924
2996,385002
2997,385003
2998,385025
2999,385030
3000,385031
3001,385089
3002,385109
3003,385110
3004,385111
3005,385118
3006,385145
3007,385146
3008,385167
3009,385190
3010,385226
3011,385236
3012,385243
3013,385244
3014,385300
3015,385301
3016,385323
3017,385325
3018,385393
3019,385394
3020,385395
3021,385409
3022,385410
3023,385411
3024,385415
3025,385416
3026,385423
3027,385424
3028,385425
3029,385477
3030,385478
3031,385479
3032,385480
3033,385503
3034,385509
3035,385523
3036,385584
3037,385585
3038,385591
3039,385606
3040,385619
3041,385632
3042,385633
3043,385653
3044,385679
3045,385705
3046,385711
3047,385712
3048,385713
3049,385721
3050,385727
3051,385728
3052,385765
3053,385879
3054,385903
3055,385916
3056,385974
3057,386012
3058,386035
3059,386036
3060,386037
3061,386038
3062,386076
3063,386077
3064,386126
3065,386127
3066,386139
3067,386172
3068,386173
3069,386181
3070,386216
3071,386217
3072,386249
3073,386255
3074,386278
3075,386287
3076,386288
3077,386289
3078,386409
3079,386439
3080,386440
3081,386472
3082,386473
3083,386512
3084,386513
3085,386535
3086,386536
3087,386590
3088,386626
3089,386627
3090,386633
3091,386634
3092,386635
3093,386637
3094,386638
3095,386646
3096,386664
3097,386678
3098,386680
3099,386712
3100,386727
3101,386728
3102,386734
3103,386752
3104,386774
3105,386775
3106,386776
3107,386826
3108,386828
3109,386829
3110,386830
3111,386861
3112,386877
3113,386884
3114,386919
3115,386921
3116,386922
3117,386950
3118,386964
3119,386965
3120,386981
3121,386982
3122,387004
3123,387014
3124,387017
3125,387028
3126,387071
3127,387077
3128,387114
3129,387115
3130,387116
3131,387162
3132,387168
3133,387169
3134,387170
3135,387281
3136,387282
3137,387283
3138,387304
3139,387305
3140,387312
3141,387314
3142,387315
3143,387331
3144,387332
3145,387349
3146,387350
3147,387442
3148,387481
3149,387482
3150,387510
3151,387512
3152,387513
3153,387514
3154,387533
3155,387538
3156,387577
3157,387615
3158,387617
3159,387618
3160,387620
3161,387621
3162,387648
3163,387660
3164,387753
3165,387854
3166,387878
3167,387879
3168,387886
3169,387887
3170,387888
3171,387889
3172,387890
3173,387920
3174,387933
3175,387935
3176,387936
3177,387937
3178,387945
3179,388002
3180,388039
3181,388040
3182,388041
3183,388048
3184,388049
3185,388050
3186,388051
3187,388095
3188,388126
3189,388127
3190,388128
3191,388192
3192,388193
3193,388194
3194,388205
3195,388210
3196,388254
3197,388262
3198,388277
3199,388309
3200,388347
3201,388360
3202,388365
3203,388366
3204,388367
3205,388389
3206,388397
3207,388398
3208,388399
3209,388428
3210,388441
3211,388474
3212,388495
3213,388499
3214,388500
3215,388527
3216,388528
3217,388529
3218,388530
3219,388536
3220,388553
3221,388554
3222,388555
3223,388583
3224,388589
3225,388590
3226,388591
3227,388592
3228,388593
3229,388594
3230,388595
3231,388625
3232,388626
3233,388627
3234,388687
3235,388701
3236,388702
3237,388707
3238,388766
3239,388836
3240,388839
3241,388853
3242,388854
3243,388966
3244,388967
3245,388972
3246,388973
3247,388993
3248,388994
3249,388995
3250,388996
3251,389000
3252,389001
3253,389002
3254,389010
3255,389095
3256,389112
3257,389142
3258,389157
3259,389159
3260,389160
3261,389161
3262,389198
3263,389199
3264,389236
3265,389237
3266,389246
3267,389314
3268,389376
3269,389390
3270,389391
3271,389392
3272,389448
3273,389449
3274,389485
3275,389486
3276,389545
3277,389604
3278,389647
3279,389648
3280,389660
3281,389661
3282,389683
3283,389684
3284,389685
3285,389686
3286,389694
3287,389695
3288,389696
3289,389697
3290,389698
3291,389699
3292,389700
3293,389701
3294,389702
3295,389703
3296,389704
3297,389705
3298,389706
3299,389707
3300,389708
3301,389709
3302,389710
3303,389711
3304,389712
3305,389713
3306,389714
3307,389715
3308,389716
3309,389717
3310,389718
3311,389719
3312,389720
3313,389721
3314,389722
3315,389727
3316,389740
3317,389766
3318,389767
3319,389768
3320,389769
3321,389770
3322,389771
3323,389778
3324,389779
3325,389797
3326,389827
3327,389828
3328,389888
3329,389889
3330,389895
3331,389906
3332,389921
3333,389922
3334,389928
3335,389954
3336,389955
3337,389956
3338,389957
3339,389980
3340,390063
3341,390064
3342,390083
3343,390103
3344,390104
3345,390138
3346,390169
3347,390170
3348,390215
3349,390277
3350,390281
3351,390284
3352,390315
3353,390316
3354,390350
3355,390354
3356,390355
3357,390375
3358,390376
3359,390377
3360,390385
3361,390458
3362,390498
3363,390499
3364,390508
3365,390520
3366,390521
3367,390522
3368,390523
3369,390579
3370,390580
3371,390635
3372,390646
3373,390652
3374,390710
3375,390713
3376,390714
3377,390742
3378,390743
3379,390744
3380,390745
3381,390746
3382,390767
3383,390768
3384,390821
3385,390822
3386,390843
3387,390863
3388,390865
3389,390866
3390,390896
3391,390927
3392,390980
3393,390993
3394,390994
3395,391010
3396,391048
3397,391119
3398,391123
3399,391124
3400,391165
3401,391166
3402,391189
3403,391268
3404,391269
3405,391277
3406,391301
3407,391302
3408,391303
3409,391326
3410,391330
3411,391332
3412,391333
3413,391457
3414,391513
3415,391533
3416,391534
3417,391535
3418,391538
3419,391557
3420,391660
3421,391695
3422,391700
3423,391712
3424,391734
3425,391735
3426,391736
3427,391786
3428,391787
3429,391815
3430,391816
3431,391846
3432,391847
3433,391848
3434,391849
3435,391850
3436,391880
3437,391917
3438,391918
3439,391919
3440,391920
3441,391930
3442,391970
3443,391971
3444,391974
3445,391986
3446,392011
3447,392060
3448,392067
3449,392072
3450,392073
3451,392074
3452,392075
3453,392086
3454,392092
3455,392104
3456,392131
3457,392132
3458,392133
3459,392141
3460,392142
3461,392143
3462,392154
3463,392155
3464,392203
3465,392214
3466,392215
3467,392226
3468,392227
3469,392228
3470,392251
3471,392253
3472,392254
3473,392281
3474,392313
3475,392314
3476,392327
3477,392328
3478,392339
3479,392340
3480,392341
3481,392401
3482,392486
3483,392524
3484,392531
3485,392533
3486,392534
3487,392543
3488,392549
3489,392558
3490,392559
3491,392561
3492,392564
3493,392567
3494,392612
3495,392651
3496,392652
3497,392664
3498,392671
3499,392672
3500,392676
3501,392677
3502,392678
3503,392687
3504,392731
3505,392746
3506,392752
3507,392772
3508,392787
3509,392788
3510,392789
3511,392790
3512,392791
3513,392792
3514,392793
3515,392804
3516,392818
3517,392819
3518,392820
3519,392821
3520,392835
3521,392836
3522,392858
3523,392902
3524,392903
3525,392917
3526,392935
3527,392993
3528,392994
3529,392996
3530,393048
3531,393064
3532,393102
3533,393104
3534,393105
3535,393114
3536,393133
3537,393137
3538,393138
3539,393139
3540,393158
3541,393175
3542,393176
3543,393220
3544,393227
3545,393228
3546,393229
3547,393285
3548,393286
3549,393308
3550,393309
3551,393362
3552,393363
3553,393369
3554,393370
3555,393414
3556,393415
3557,393440
3558,393449
3559,393463
3560,393478
3561,393479
3562,393480
3563,393511
3564,393512
3565,393521
3566,393561
3567,393628
3568,393629
3569,393642
3570,393663
3571,393664
3572,393680
3573,393681
3574,393682
3575,393684
3576,393790
3577,393830
3578,393884
3579,393905
3580,393935
3581,393937
3582,393965
3583,393966
3584,393967
3585,394004
3586,394033
3587,394068
3588,394139
3589,394140
3590,394141
3591,394186
3592,394206
3593,394299
3594,394326
3595,394327
3596,394330
3597,394356
3598,394365
3599,394391
3600,394420
3601,394421
3602,394422
3603,394423
3604,394424
3605,394431
3606,394432
3607,394458
3608,394459
3609,394538
3610,394548
3611,394549
3612,394585
3613,394586
3614,394587
3615,394610
3616,394621
3617,394695
3618,394696
3619,394724
3620,394725
3621,394775
3622,394852
3623,394853
3624,394893
3625,394928
3626,394929
3627,394950
3628,394965
3629,394966
3630,394992
3631,394993
3632,394994
3633,394995
3634,395045
3635,395046
3636,395091
3637,395114
3638,395115
3639,395117
3640,395144
3641,395145
3642,395146
3643,395161
3644,395162
3645,395171
3646,395187
3647,395235
3648,395236
3649,395278
3650,395330
3651,395357
3652,395363
3653,395373
3654,395374
3655,395375
3656,395382
3657,395383
3658,395391
3659,395393
3660,395419
3661,395442
3662,395443
3663,395444
3664,395445
3665,395450
3666,395451
3667,395452
3668,395453
3669,395454
3670,395455
3671,395456
3672,395557
3673,395558
3674,395562
3675,395563
3676,395586
3677,395600
3678,395601
3679,395609
3680,395618
3681,395639
3682,395647
3683,395673
3684,395674
3685,395675
3686,395742
3687,395816
3688,395817
3689,395849
3690,395850
3691,395898
3692,395982
3693,395994
3694,395995
3695,395996
3696,396006
3697,396007
3698,396021
3699,396062
3700,396068
3701,396069
3702,396085
3703,396090
3704,396091
3705,396092
3706,396137
3707,396138
3708,396147
3709,396153
3710,396154
3711,396178
3712,396192
3713,396198
3714,396225
3715,396226
3716,396229
3717,396282
3718,396348
3719,396349
3720,396350
3721,396356
3722,396463
3723,396474
3724,396475
3725,396517
3726,396519
3727,396526
3728,396532
3729,396546
3730,396577
3731,396614
3732,396677
3733,396681
3734,396682
3735,396686
3736,396687
3737,396755
3738,396761
3739,396799
3740,396838
3741,396839
3742,396845
3743,396846
3744,396883
3745,396888
3746,396889
3747,396934
3748,396935
3749,397008
3750,397087
3751,397088
3752,397089
3753,397125
3754,397129
3755,397150
3756,397198
3757,397200
3758,397201
3759,397230
3760,397231
3761,397272
3762,397273
3763,397280
3764,397281
3765,397285
3766,397295
3767,397296
3768,397297
3769,397298
3770,397299
3771,397300
3772,397326
3773,397331
3774,397332
3775,397374
3776,397377
3777,397378
3778,397542
3779,397556
3780,397591
3781,397592
3782,397594
3783,397595
3784,397610
3785,397616
3786,397622
3787,397709
3788,397733
3789,397734
3790,397804
3791,397805
3792,397813
3793,397827
3794,397828
3795,397846
3796,397847
3797,397848
3798,397856
3799,397888
3800,397894
3801,397895
3802,397916
3803,397917
3804,397930
3805,397935
3806,397939
3807,397969
3808,397970
3809,397971
3810,397988
3811,397989
3812,397990
3813,397991
3814,398004
3815,398058
3816,398080
3817,398098
3818,398099
3819,398100
3820,398115
3821,398225
3822,398226
3823,398227
3824,398233
3825,398234
3826,398322
3827,398323
3828,398324
3829,398408
3830,398476
3831,398477
3832,398486
3833,398487
3834,398516
3835,398517
3836,398526
3837,398527
3838,398528
3839,398535
3840,398622
3841,398623
3842,398640
3843,398649
3844,398656
3845,398657
3846,398658
3847,398706
3848,398714
3849,398724
3850,398751
3851,398752
3852,398753
3853,398767
3854,398838
3855,398847
3856,398848
3857,398880
3858,398897
3859,398913
3860,398972
3861,398978
3862,399012
3863,399032
3864,399072
3865,399087
3866,399102
3867,399103
3868,399109
3869,399110
3870,399111
3871,399112
3872,399118
3873,399119
3874,399144
3875,399166
3876,399168
3877,399169
3878,399170
3879,399178
3880,399195
3881,399269
3882,399305
3883,399306
3884,399307
3885,399320
3886,399358
3887,399359
3888,399360
3889,399388
3890,399413
3891,399417
3892,399443
3893,399501
3894,399502
3895,399597
3896,399598
3897,399651
3898,399652
3899,399684
3900,399685
3901,399686
3902,399687
3903,399688
3904,399691
3905,399704
3906,399705
3907,399740
3908,399745
3909,399746
3910,399759
3911,399772
3912,399792
3913,399793
3914,399840
3915,399845
3916,399846
3917,399847
3918,399864
3919,399875
3920,399886
3921,399887
3922,399888
3923,399927
3924,399951
3925,399952
3926,399972
3927,399973
3928,399974
3929,399975
3930,399990
3931,400003
3932,400005
3933,400006
3934,400009
3935,400010
3936,400011
3937,400044
3938,400045
3939,400049
3940,400076
3941,400077
3942,400086
3943,400094
3944,400095
3945,400124
3946,400157
3947,400169
3948,400170
3949,400231
3950,400232
3951,400233
3952,400235
3953,400236
3954,400256
3955,400257
3956,400258
3957,400270
3958,400271
3959,400272
3960,400284
3961,400286
3962,400299
3963,400300
3964,400301
3965,400310
3966,400311
3967,400329
3968,400330
3969,400331
3970,400344
3971,400362
3972,400389
3973,400390
3974,400406
3975,400411
3976,400422
3977,400482
3978,400520
3979,400524
3980,400529
3981,400535
3982,400544
3983,400558
3984,400589
3985,400631
3986,400640
3987,400642
3988,400643
3989,400645
3990,400646
3991,400647
3992,400654
3993,400665
3994,400666
3995,400717
3996,400718
3997,400721
3998,400727
3999,400734
4000,400754
4001,400755
4002,400761
4003,400852
4004,400856
4005,401001
4006,401078
4007,401109
4008,401111
4009,401140
4010,401141
4011,401142
4012,401150
4013,401151
4014,401202
4015,401220
4016,401262
4017,401272
4018,401293
4019,401294
4020,401344
4021,401359
4022,401394
4023,401402
4024,401413
4025,401414
4026,401442
4027,401443
4028,401470
4029,401500
4030,401502
4031,401589
4032,401638
4033,401639
4034,401640
4035,401641
4036,401642
4037,401643
4038,401644
4039,401679
4040,401680
4041,401682
4042,401683
4043,401684
4044,401690
4045,401702
4046,401703
4047,401717
4048,401724
4049,401725
4050,401755
4051,401757
4052,401774
4053,401787
4054,401795
4055,401796
4056,401797
4057,401801
4058,401802
4059,401808
4060,401809
4061,401815
4062,401816
4063,401817
4064,401826
4065,401832
4066,401833
4067,401861
4068,401875
4069,401895
4070,401902
4071,401903
4072,401904
4073,401918
4074,401919
4075,401920
4076,401926
4077,401942
4078,401946
4079,401966
4080,401997
4081,401998
4082,401999
4083,402000
4084,402025
4085,402065
4086,402066
4087,402090
4088,402091
4089,402092
4090,402093
4091,402118
4092,402119
4093,402121
4094,402145
4095,402169
4096,402205
4097,402206
4098,402207
4099,402215
4100,402222
4101,402234
4102,402252
4103,402253
4104,402292
4105,402293
4106,402297
4107,402298
4108,402299
4109,402304
4110,402336
4111,402346
4112,402394
4113,402395
4114,402396
4115,402397
4116,402399
4117,402433
4118,402455
4119,402456
4120,402457
4121,402472
4122,402473
4123,402474
4124,402482
4125,402496
4126,402525
4127,402526
4128,402537
4129,402559
4130,402599
4131,402640
4132,402643
4133,402654
4134,402677
4135,402684
4136,402691
4137,402724
4138,402731
4139,402745
4140,402746
4141,402747
4142,402748
4143,402757
4144,402758
4145,402767
4146,402818
4147,402830
4148,402841
4149,402842
4150,402862
4151,402863
4152,402867
4153,402868
4154,402891
4155,402957
4156,402968
4157,402969
4158,402970
4159,402971
4160,402983
4161,402984
4162,402996
4163,403019
4164,403033
4165,403039
4166,403040
4167,403046
4168,403047
4169,403090
4170,403112
4171,403113
4172,403114
4173,403115
4174,403116
4175,403117
4176,403118
4177,403130
4178,403150
4179,403173
4180,403192
4181,403209
4182,403252
4183,403253
4184,403260
4185,403305
4186,403324
4187,403326
4188,403327
4189,403360
4190,403394
4191,403395
4192,403396
4193,403406
4194,403450
4195,403451
4196,403452
4197,403467
4198,403468
4199,403519
4200,403530
4201,403531
4202,403532
4203,403550
4204,403575
4205,403584
4206,403617
4207,403618
4208,403628
4209,403629
4210,403630
4211,403659
4212,403660
4213,403665
4214,403683
4215,403684
4216,403690
4217,403691
4218,403702
4219,403707
4220,403728
4221,403736
4222,403775
4223,403784
4224,403817
4225,403818
4226,403843
4227,403851
4228,403886
4229,403887
4230,403888
4231,403889
4232,403894
4233,403901
4234,403902
4235,403912
4236,403969
4237,404003
4238,404004
4239,404005
4240,404025
4241,404026
4242,404088
4243,404101
4244,404129
4245,404161
4246,404162
4247,404286
4248,404292
4249,404307
4250,404308
4251,404309
4252,404336
4253,404337
4254,404427
4255,404442
4256,404487
4257,404488
4258,404489
4259,404525
4260,404526
4261,404591
4262,404601
4263,404612
4264,404613
4265,404637
4266,404638
4267,404639
4268,404687
4269,404688
4270,404713
4271,404758
4272,404759
4273,404784
4274,404800
4275,404855
4276,404881
4277,404882
4278,404883
4279,404905
4280,404937
4281,404945
4282,404947
4283,404948
4284,404955
4285,404968
4286,404973
4287,404988
4288,405006
4289,405013
4290,405014
4291,405015
4292,405059
4293,405068
4294,405080
4295,405097
4296,405099
4297,405100
4298,405101
4299,405104
4300,405105
4301,405107
4302,405119
4303,405120
4304,405121
4305,405244
4306,405245
4307,405276
4308,405277
4309,405327
4310,405340
4311,405341
4312,405368
4313,405379
4314,405380
4315,405381
4316,405393
4317,405427
4318,405428
4319,405432
4320,405474
4321,405481
4322,405482
4323,405580
4324,405581
4325,405597
4326,405611
4327,405687
4328,405713
4329,405714
4330,405722
4331,405724
4332,405725
4333,405726
4334,405735
4335,405736
4336,405795
4337,405796
4338,405798
4339,405799
4340,405841
4341,405865
4342,405868
4343,405869
4344,405877
4345,405883
4346,405927
4347,405928
4348,405951
4349,405952
4350,405966
4351,405972
4352,405973
4353,406000
4354,406001
4355,406002
4356,406053
4357,406055
4358,406069
4359,406070
4360,406071
4361,406072
4362,406073
4363,406093
4364,406095
4365,406123
4366,406144
4367,406178
4368,406179
4369,406184
4370,406233
4371,406284
4372,406285
4373,406367
4374,406414
4375,406415
4376,406487
4377,406498
4378,406565
4379,406583
4380,406595
4381,406638
4382,406639
4383,406689
4384,406763
4385,406769
4386,406792
4387,406813
4388,406814
4389,406833
4390,406834
4391,406847
4392,406859
4393,406860
4394,406861
4395,406871
4396,406939
4397,406963
4398,406981
4399,407008
4400,407090
4401,407091
4402,407109
4403,407110
4404,407158
4405,407159
4406,407162
4407,407163
4408,407173
4409,407174
4410,407175
4411,407201
4412,407202
4413,407204
4414,407205
4415,407206
4416,407207
4417,407258
4418,407292
4419,407321
4420,407341
4421,407343
4422,407347
4423,407390
4424,407391
4425,407396
4426,407430
4427,407431
4428,407442
4429,407444
4430,407445
4431,407446
4432,407447
4433,407448
4434,407508
4435,407530
4436,407531
4437,407579
4438,407618
4439,407636
4440,407655
4441,407656
4442,407671
4443,407701
4444,407702
4445,407705
4446,407744
4447,407746
4448,407747
4449,407748
4450,407749
4451,407752
4452,407753
4453,407773
4454,407774
4455,407803
4456,407804
4457,407812
4458,407824
4459,407825
4460,407835
4461,407836
4462,407837
4463,407852
4464,407861
4465,407862
4466,407866
4467,407867
4468,407868
4469,407871
4470,407872
4471,407890
4472,407918
4473,407919
4474,407955
4475,408029
4476,408030
4477,408037
4478,408048
4479,408054
4480,408072
4481,408105
4482,408106
4483,408107
4484,408108
4485,408136
4486,408165
4487,408166
4488,408174
4489,408177
4490,408180
4491,408181
4492,408182
4493,408183
4494,408184
4495,408185
4496,408186
4497,408187
4498,408188
4499,408198
4500,408202
4501,408216
4502,408272
4503,408288
4504,408289
4505,408290
4506,408291
4507,408292
4508,408301
4509,408318
4510,408319
4511,408347
4512,408353
4513,408354
4514,408377
4515,408409
4516,408435
4517,408436
4518,408442
4519,408455
4520,408461
4521,408462
4522,408464
4523,408467
4524,408470
4525,408476
4526,408477
4527,408500
4528,408501
4529,408502
4530,408538
4531,408576
4532,408579
4533,408623
4534,408641
4535,408647
4536,408648
4537,408659
4538,408660
4539,408677
4540,408717
4541,408735
4542,408748
4543,408762
4544,408790
4545,408828
4546,408872
4547,408877
4548,409010
4549,409011
4550,409038
4551,409044
4552,409046
4553,409047
4554,409093
4555,409094
4556,409100
4557,409132
4558,409133
4559,409202
4560,409203
4561,409204
4562,409205
4563,409206
4564,409218
4565,409260
4566,409282
4567,409291
4568,409292
4569,409293
4570,409310
4571,409334
4572,409335
4573,409345
4574,409374
4575,409375
4576,409389
4577,409390
4578,409392
4579,409394
4580,409395
4581,409434
4582,409437
4583,409461
4584,409462
4585,409463
4586,409513
4587,409514
4588,409543
4589,409564
4590,409565
4591,409577
4592,409585
4593,409635
4594,409636
4595,409638
4596,409668
4597,409703
4598,409704
4599,409738
4600,409826
4601,409844
4602,409866
4603,409869
4604,409870
4605,409916
4606,409923
4607,409924
4608,409937
4609,409958
4610,409959
4611,409965
4612,409999
4613,410000
4614,410073
4615,410090
4616,410099
4617,410100
4618,410119
4619,410120
4620,410134
4621,410168
4622,410169
4623,410185
4624,410192
4625,410196
4626,410197
4627,410229
4628,410230
4629,410247
4630,410288
4631,410289
4632,410310
4633,410320
4634,410321
4635,410322
4636,410337
4637,410338
4638,410339
4639,410340
4640,410347
4641,410374
4642,410380
4643,410381
4644,410382
4645,410391
4646,410392
4647,410400
4648,410409
4649,410410
4650,410411
4651,410428
4652,410444
4653,410445
4654,410446
4655,410447
4656,410458
4657,410459
4658,410460
4659,410464
4660,410471
4661,410526
4662,410535
4663,410536
4664,410555
4665,410556
4666,410585
4667,410595
4668,410596
4669,410616
4670,410627
4671,410628
4672,410629
4673,410630
4674,410668
4675,410669
4676,410708
4677,410713
4678,410721
4679,410747
4680,410795
4681,410796
4682,410821
4683,410822
4684,410895
4685,410896
4686,410915
4687,410918
4688,410957
4689,410971
4690,410972
4691,411012
4692,411013
4693,411090
4694,411132
4695,411161
4696,411219
4697,411220
4698,411268
4699,411269
4700,411270
4701,411286
4702,411292
4703,411293
4704,411384
4705,411503
4706,411504
4707,411516
4708,411545
4709,411569
4710,411570
4711,411586
4712,411587
4713,411588
4714,411632
4715,411647
4716,411670
4717,411684
4718,411685
4719,411686
4720,411690
4721,411691
4722,411715
4723,411732
4724,411733
4725,411746
4726,411747
4727,411754
4728,411755
4729,411774
4730,411783
4731,411808
4732,411809
4733,411845
4734,411854
4735,411855
4736,411858
4737,411859
4738,411860
4739,411861
4740,411942
4741,411953
4742,411954
4743,411955
4744,411977
4745,411980
4746,411981
4747,411982
4748,411983
4749,411984
4750,411997
4751,412007
4752,412010
4753,412030
4754,412032
4755,412057
4756,412058
4757,412064
4758,412065
4759,412072
4760,412084
4761,412140
4762,412199
4763,412205
4764,412209
4765,412210
4766,412219
4767,412220
4768,412226
4769,412240
4770,412260
